,url,date,content,id,user,replyCount,retweetCount,likeCount,qouteCount,conversationId,lang,source,coordinates
0,https://twitter.com/ddockett/status/1118020292805369856,2019-04-16 05:16:24+00:00,I‚Äôm in DC right now..,1118020292805369856,ddockett,11,2,39,2,1118020292805369856,en,"<a href=""http://twitter.com/download/iphone"" rel=""nofollow"">Twitter for iPhone</a>",
1,https://twitter.com/ddockett/status/1118018563456077824,2019-04-16 05:09:31+00:00,Shut up Go to bed. Before I whoop yo ass.,1118018563456077824,ddockett,7,10,100,5,1118018563456077824,en,"<a href=""http://twitter.com/download/iphone"" rel=""nofollow"">Twitter for iPhone</a>",
2,https://twitter.com/ddockett/status/1118016818105475072,2019-04-16 05:02:35+00:00,@miakhalifa Aye!!! You still ummm. Nvm. But you know you still be . Nvm.,1118016818105475072,ddockett,4,1,19,1,1118015807399837698,en,"<a href=""http://twitter.com/download/iphone"" rel=""nofollow"">Twitter for iPhone</a>",
3,https://twitter.com/ddockett/status/1118016465242861570,2019-04-16 05:01:11+00:00,I just wanna see Golden state lose!! üò´,1118016465242861570,ddockett,15,19,149,3,1118016465242861570,en,"<a href=""http://twitter.com/download/iphone"" rel=""nofollow"">Twitter for iPhone</a>",
4,https://twitter.com/ddockett/status/1118014161319940096,2019-04-16 04:52:02+00:00,Never ever...,1118014161319940096,ddockett,1,1,9,0,1118014161319940096,en,"<a href=""http://twitter.com/download/iphone"" rel=""nofollow"">Twitter for iPhone</a>",
5,https://twitter.com/ddockett/status/1118013966075224065,2019-04-16 04:51:15+00:00,GREY,1118013966075224065,ddockett,1,0,6,0,1118013966075224065,en,"<a href=""http://twitter.com/download/iphone"" rel=""nofollow"">Twitter for iPhone</a>",
6,https://twitter.com/ddockett/status/1118013042627940354,2019-04-16 04:47:35+00:00,Clippers coming back from getting blown the hell out.,1118013042627940354,ddockett,2,0,11,0,1118013042627940354,en,"<a href=""http://twitter.com/download/iphone"" rel=""nofollow"">Twitter for iPhone</a>",
7,https://twitter.com/ddockett/status/1118012899249786880,2019-04-16 04:47:01+00:00,Damn what‚Äôs new on twitter.,1118012899249786880,ddockett,17,3,38,3,1118012899249786880,en,"<a href=""http://twitter.com/download/iphone"" rel=""nofollow"">Twitter for iPhone</a>",
8,https://twitter.com/ddockett/status/1118012812876496896,2019-04-16 04:46:40+00:00,Well well well i found my damn twitter log IN... I kinda like twitter better anwyay..,1118012812876496896,ddockett,7,6,97,3,1118012812876496896,en,"<a href=""http://twitter.com/download/iphone"" rel=""nofollow"">Twitter for iPhone</a>",
9,https://twitter.com/DanicaPatrick/status/1621237157137465346,2023-02-02 20:00:34+00:00,"My guest today is Connor Beaton @ConnorBeaton on the #PrettyIntensePodcast. We discussed stress, sex, erections, porn, purpose, and masculine and feminine roles. Listen at https://t.co/cZ4zOagXft or watch on https://t.co/R4DQwpoyr2 #mantalks https://t.co/xHNIYOFNsG",1621237157137465346,DanicaPatrick,8,4,69,0,1621237157137465346,en,"<a href=""https://www.hootsuite.com"" rel=""nofollow"">Hootsuite Inc.</a>",
10,https://twitter.com/DanicaPatrick/status/1620512803181174792,2023-01-31 20:02:14+00:00,"Set the mood this Valentine‚Äôs Day with our gift box full of loving energy: a bottle of seductive Somnium Ros√©, a VOYANT by Danica candle, rose quartz to open the heart, and a polished selenite disc to cleanse and recharge the crystal. 
 
Direct buy link: https://t.co/XIhdStLwWX https://t.co/dr7CNqk752",1620512803181174792,DanicaPatrick,6,11,80,1,1620512803181174792,en,"<a href=""https://www.hootsuite.com"" rel=""nofollow"">Hootsuite Inc.</a>",
11,https://twitter.com/DanicaPatrick/status/1620512357280628737,2023-01-31 20:00:28+00:00,YouTube Clips from @MediumAllison #PrettyIntensePodcast. Allison talks about the dangers of ‚ÄúOuija Board‚Äù &amp; opening portals that are more powerful than you might expect. Watch here https://t.co/kna1nJBYoo or listen to the full episode at https://t.co/cZ4zOagXft #TheDeadLife https://t.co/JAYPauM4fW,1620512357280628737,DanicaPatrick,4,5,44,0,1620512357280628737,en,"<a href=""https://www.hootsuite.com"" rel=""nofollow"">Hootsuite Inc.</a>",
12,https://twitter.com/DanicaPatrick/status/1618700329150717970,2023-01-26 20:00:07+00:00,"My guest @MediumAllison on #PrettyIntensePodcast. Your lost relatives are looking after you. You just need to be open to receiving their messages. Learn ‚ÄúWhat The Dead Can Teach You About Being Alive."" at https://t.co/cZ4zOagXft or https://t.co/OSASdKcMXS #Don‚ÄôtKissThemGoodbye https://t.co/JldiYmQ82R",1618700329150717970,DanicaPatrick,3,6,85,0,1618700329150717970,en,"<a href=""https://www.hootsuite.com"" rel=""nofollow"">Hootsuite Inc.</a>",
13,https://twitter.com/DanicaPatrick/status/1617975545395904512,2023-01-24 20:00:05+00:00,"YouTube Clips with @AnitaMoorjani #PrettyIntensePodcast. Are greed &amp; ‚ÄúBig Pharma"" killing us? Anita tells us that heaven &amp; hell are not in the afterlife. We have the power to choose which one we live in. https://t.co/CQStAzFDxI or listen at https://t.co/cZ4zOagXft #DyingToBeMe https://t.co/cZ3npru3gN",1617975545395904512,DanicaPatrick,10,5,85,0,1617975545395904512,en,"<a href=""https://www.hootsuite.com"" rel=""nofollow"">Hootsuite Inc.</a>",
14,https://twitter.com/DanicaPatrick/status/1616163715224576001,2023-01-19 20:00:31+00:00,"Author @AnitaMoorjani is on today‚Äôs #PrettyIntensePodcast. In ""Dying To Be Me‚Äù Anita writes about overcoming her terminal cancer diagnosis and her near-death experience. Listen at https://t.co/cZ4zOagXft or watch https://t.co/7FHh9SoHxW #DyingToBeMe https://t.co/ukdI2mkHqc",1616163715224576001,DanicaPatrick,8,6,79,0,1616163715224576001,en,"<a href=""https://www.hootsuite.com"" rel=""nofollow"">Hootsuite Inc.</a>",
15,https://twitter.com/DanicaPatrick/status/1615710719374249986,2023-01-18 14:00:28+00:00,"YouTube Clips with Sarah Elkhaldy on the #PrettyIntensePodcast. Sarah had a very explosive journey to enlightenment, which was more than she bargained for at the time. Watch the YouTube Clips here https://t.co/AhEIr8Lx1Y or listen at https://t.co/cZ4zOagXft #TheAlchemist https://t.co/gcLi9RmDeb",1615710719374249986,DanicaPatrick,4,8,85,0,1615710719374249986,en,"<a href=""https://www.hootsuite.com"" rel=""nofollow"">Hootsuite Inc.</a>",
16,https://twitter.com/DanicaPatrick/status/1613653298950639617,2023-01-12 21:45:01+00:00,"My new mystical friend @the.alchemist Sarah Elkhaldy is on the #PrettyIntensePodcast today. Sarah explains timelines, dimensions, purpose, dharma.  Listen at https://t.co/cZ4zOagXft or watch on https://t.co/jWWfJvhM3L #TheAlchemist https://t.co/cN1kKVwzsm",1613653298950639617,DanicaPatrick,13,12,91,1,1613653298950639617,en,"<a href=""https://www.hootsuite.com"" rel=""nofollow"">Hootsuite Inc.</a>",
17,https://twitter.com/DanicaPatrick/status/1612902131048087552,2023-01-10 20:00:08+00:00,YouTube Clips out today @kellyngores on #PrettyIntensePodcast. We talk about the superpowers women have and men's survival skills. How we complement each other‚Äôs roles and where we clash.  Watch here https://t.co/ahxRDHGjr8 or listen at https://t.co/cZ4zOagXft #HealDocumentary https://t.co/HGd8Ap7En2,1612902131048087552,DanicaPatrick,9,3,87,0,1612902131048087552,en,"<a href=""https://www.hootsuite.com"" rel=""nofollow"">Hootsuite Inc.</a>",
18,https://twitter.com/DanicaPatrick/status/1612169773625872385,2023-01-08 19:30:01+00:00,"Looking back at my interview with @SadhguruJV about the meaning of life. How memory affects us, and ways to make peace with it, and leave that bag of Karma behind. We all want a more joyful life. Watch at https://t.co/yiedS884lD #SadhguruKarma https://t.co/JgfYJbd2Te",1612169773625872385,DanicaPatrick,23,124,346,21,1612169773625872385,en,"<a href=""https://www.hootsuite.com"" rel=""nofollow"">Hootsuite Inc.</a>",
19,https://twitter.com/DanicaPatrick/status/1611090217187827712,2023-01-05 20:00:15+00:00,"My great friend @kellyngores is on #PrettyIntensePodcast. Kelly's ‚ÄúHeal"" documentary is a must-see. This is the first time Kelly talks about her breast explant publicly. Listening at https://t.co/cZ4zOagXft or watch on https://t.co/4Vrw1S8kmS #HealDocumentary https://t.co/usd8F4aCPp",1611090217187827712,DanicaPatrick,7,11,95,0,1611090217187827712,en,"<a href=""https://www.hootsuite.com"" rel=""nofollow"">Hootsuite Inc.</a>",
20,https://twitter.com/DanicaPatrick/status/1610365478546952193,2023-01-03 20:00:23+00:00,My 2022 Solo Episode YouTube Clips are out today. I am sharing my 2022 health journey and answering some pretty intense questions in an AMA - Q&amp;A. Wishing you all a very happy 2023. Watch at https://t.co/hx6XyvBrMG or listen https://t.co/cZ4zOagXft #PrettyIntensePodcast #EMDR https://t.co/rkL8GdVRY4,1610365478546952193,DanicaPatrick,9,13,139,0,1610365478546952193,en,"<a href=""https://www.hootsuite.com"" rel=""nofollow"">Hootsuite Inc.</a>",
21,https://twitter.com/DanicaPatrick/status/1608553574924967941,2022-12-29 20:00:32+00:00,"It's that time of the year on #PrettyIntensePodcast, the end of the year, my solo episode. This is an AMA - Q&amp;A style Solo Episode 2022. I hope you enjoy it. Happy holidays everyone, and thanks for listening at https://t.co/cZ4zOagXft or watch on https://t.co/8HMUnOdXTB #EMDR https://t.co/DREMPufv1e",1608553574924967941,DanicaPatrick,18,15,189,1,1608553574924967941,en,"<a href=""https://www.hootsuite.com"" rel=""nofollow"">Hootsuite Inc.</a>",
22,https://twitter.com/DanicaPatrick/status/1607828811986370560,2022-12-27 20:00:35+00:00,"YouTube Clips  @leannrimes #PrettyIntensePodcast today. Whether we are dancing, singing, chanting, or meditating, music guides us to that bliss. Watch at YouTube Clips here https://t.co/wt8n0bmtJy or listen at https://t.co/cZ4zOagXft  #God‚ÄôsWork https://t.co/QWEe4S2FN2",1607828811986370560,DanicaPatrick,12,8,125,2,1607828811986370560,en,"<a href=""https://www.hootsuite.com"" rel=""nofollow"">Hootsuite Inc.</a>",
23,https://twitter.com/DanicaPatrick/status/1606016881478991872,2022-12-22 20:00:37+00:00,"Singing superstar @leannrimes is on #PrettyIntensePodcast. LeAnn opens her heart, sharing her inner struggles. She had to face the brutal truth about her past to make way for a happier future. Listen at https://t.co/cZ4zOagXft or watch on https://t.co/1N5w3PPZYW #GodsWork https://t.co/EsPu6KKjTN",1606016881478991872,DanicaPatrick,7,10,121,0,1606016881478991872,en,"<a href=""https://www.hootsuite.com"" rel=""nofollow"">Hootsuite Inc.</a>",
24,https://twitter.com/DanicaPatrick/status/1605292581117743132,2022-12-20 20:02:30+00:00,YouTube Clips with @aaron_doughty44 on the #PrettyIntensePodcast are out today. This episode is all about being in alignment with yourself and taking space to learn who you really are; watch at https://t.co/hLbKmkOuul or listen at https://t.co/cZ4zOagXft #FindYourPurpose,1605292581117743132,DanicaPatrick,6,4,72,2,1605292581117743132,en,"<a href=""https://www.hootsuite.com"" rel=""nofollow"">Hootsuite Inc.</a>",
25,https://twitter.com/DanicaPatrick/status/1603480102574112768,2022-12-15 20:00:22+00:00,Excited to have @aarondoughty44 on #PrettyIntensePodcast. The YouTube sensation helps people expand their consciousness. Be guided by your highest vibrations to be your true authentic self. Listen at https://t.co/cZ4zOagXft or watch on https://t.co/ici7fAQeeu #FrameTechnique https://t.co/dRGf4ppVvL,1603480102574112768,DanicaPatrick,4,9,57,1,1603480102574112768,en,"<a href=""https://www.hootsuite.com"" rel=""nofollow"">Hootsuite Inc.</a>",
26,https://twitter.com/DanicaPatrick/status/1602755384162353153,2022-12-13 20:00:35+00:00,"YouTube Clips  @richroll on #PrettyIntensePodcast. Do we all suffer some sort of addiction? People are addicted to social media, bad relationships, food, alcohol, sex and even exercise. Watch https://t.co/9VtJ4TvGbH or listen at https://t.co/cZ4zOagXft #RichRollPodcast https://t.co/CxBCbrblBq",1602755384162353153,DanicaPatrick,6,11,84,0,1602755384162353153,en,"<a href=""https://www.hootsuite.com"" rel=""nofollow"">Hootsuite Inc.</a>",
27,https://twitter.com/DanicaPatrick/status/1600943350936489985,2022-12-08 20:00:13+00:00,"The inspiring @richroll is on #PrettyIntensePodcast today. Rich is a success story of surviving addiction, dedicated to giving back &amp; making the world a better place. Purpose is where true happiness comes from. https://t.co/cZ4zOagXft or https://t.co/amH7QbjH0H  #RichRollPodcast https://t.co/ukmAHbeGFR",1600943350936489985,DanicaPatrick,1,7,53,0,1600943350936489985,en,"<a href=""https://www.hootsuite.com"" rel=""nofollow"">Hootsuite Inc.</a>",
28,https://twitter.com/DanicaPatrick/status/1600218604053594114,2022-12-06 20:00:20+00:00,YouTube Clips with @ChrisWillx on the #PrettyIntensePodcast are out today. Find out the effects of birth control pills on women and why men watch porn. Watch at https://t.co/JXEQbC5Nvo or listen to the full episode at https://t.co/cZ4zOagXft #Relationships #MatingCrisis https://t.co/GCL6fFyE5A,1600218604053594114,DanicaPatrick,7,8,51,1,1600218604053594114,en,"<a href=""https://www.hootsuite.com"" rel=""nofollow"">Hootsuite Inc.</a>",
29,https://twitter.com/DanicaPatrick/status/1598433051809292300,2022-12-01 21:45:11+00:00,"The captivating @ChrisWillx is on #PrettyIntensePodcast. Host of the hugely popular #ModernWisdomPodcast. We unpack dynamics between men &amp; women, what it's like to be a man, the dating hierarchy and how that is shifting. https://t.co/cZ4zOagXft or watch on https://t.co/g66z5v4Evx https://t.co/v1Jev9AQSv",1598433051809292300,DanicaPatrick,11,13,103,1,1598433051809292300,en,"<a href=""https://www.hootsuite.com"" rel=""nofollow"">Hootsuite Inc.</a>",
30,https://twitter.com/DanicaPatrick/status/1597999831573741570,2022-11-30 17:03:43+00:00,‚ÄòTis the season of giving and gratitude!  Somnium has a selection of holiday-ready gifts and wine collections that offer something for everyone.  Gift options: https://t.co/XIhdStLwWX. The First 40 orders from our Gift Guide receive an autographed card from Danica!  @SomniumWine https://t.co/Ajvx4SPsbb,1597999831573741570,DanicaPatrick,4,6,52,0,1597999831573741570,en,"<a href=""https://www.hootsuite.com"" rel=""nofollow"">Hootsuite Inc.</a>",
31,https://twitter.com/DanicaPatrick/status/1597696947028201474,2022-11-29 21:00:10+00:00,The mind-blowing @donalddhoffman is on #PrettyIntensePodcast today. Are space and time doomed? Is anything actually real? Get your thinking caps on this interview is out of this world. Listen at https://t.co/cZ4zOagXft or watch on https://t.co/HIkDaGCTkz #Consciousness #Portals https://t.co/4so7gq2Nky,1597696947028201474,DanicaPatrick,6,6,56,0,1597696947028201474,en,"<a href=""https://www.hootsuite.com"" rel=""nofollow"">Hootsuite Inc.</a>",
32,https://twitter.com/DanicaPatrick/status/1596534242338476037,2022-11-26 16:00:00+00:00,The mind blowing @donalddhoffman is on #PrettyIntensePodcast today. Are space and time doomed? Is anything real? Get your thinking caps on. This one is out of this world. Listen at https://t.co/cZ4zO9ZlQT or watch on https://t.co/HIkDaGUuc7 #Consciousness #Portals #Reality https://t.co/l1h3bZk5YJ,1596534242338476037,DanicaPatrick,4,5,68,0,1596534242338476037,en,"<a href=""https://www.hootsuite.com"" rel=""nofollow"">Hootsuite Inc.</a>",
33,https://twitter.com/DanicaPatrick/status/1596220914428878848,2022-11-25 19:14:57+00:00,You forgot beam dream from @Beamtlc!!!! Literally the best!,1596220914428878848,DanicaPatrick,4,4,44,1,1596220914428878848,en,"<a href=""http://twitter.com/download/iphone"" rel=""nofollow"">Twitter for iPhone</a>",
34,https://twitter.com/DanicaPatrick/status/1596211333136990208,2022-11-25 18:36:52+00:00,"‚ù§Ô∏è Seasonal savings! Give the gift of Scent, with my beautiful candle collection @voyantbydanica Enter ‚ö°Ô∏èTHANKS22 ‚ö°Ô∏èat checkout for 25% off your order. https://t.co/XMhDRQP0pY",1596211333136990208,DanicaPatrick,8,5,91,1,1596211333136990208,en,"<a href=""https://www.hootsuite.com"" rel=""nofollow"">Hootsuite Inc.</a>",
35,https://twitter.com/DanicaPatrick/status/1595145144227053574,2022-11-22 20:00:13+00:00,YouTube Clips with @DrJoeDispenza on the #PrettyIntensePodcast. Learn to heal yourself through meditation and learn the skills of being conscious. Watch at https://t.co/3lDzI0jgqV or listen to the full episode at https://t.co/cZ4zOagXft #DrJoe #Heal #Meditation https://t.co/fHigszZoAG,1595145144227053574,DanicaPatrick,7,1,66,0,1595145144227053574,en,"<a href=""https://www.hootsuite.com"" rel=""nofollow"">Hootsuite Inc.</a>",
36,https://twitter.com/DanicaPatrick/status/1593998831414169602,2022-11-19 16:05:11+00:00,"‚ù§Ô∏è Seasonal savings! Give the gift of Scent with my beautiful candle collection @voyantbydanica. Enter ‚ö°Ô∏èTHANKS22 ‚ö°Ô∏èat checkout for 25% off your order.
https://t.co/2Hnq8cpaoV https://t.co/Ul4ngt9iur",1593998831414169602,DanicaPatrick,7,6,91,5,1593998831414169602,en,"<a href=""https://www.hootsuite.com"" rel=""nofollow"">Hootsuite Inc.</a>",
37,https://twitter.com/DanicaPatrick/status/1593303087720153096,2022-11-17 18:00:32+00:00,I‚Äôm excited to have @DrJoeDispenza on #PrettyIntensePodcast today. Exist in the consciousness through meditation to create a new outcome. Learn to master the art of manifestation. Listen at https://t.co/cZ4zOagXft or watch on https://t.co/4VHazLvDDE  #DrJoe #Heal #Meditation https://t.co/ABZRj74WRm,1593303087720153096,DanicaPatrick,6,5,63,0,1593303087720153096,en,"<a href=""https://www.hootsuite.com"" rel=""nofollow"">Hootsuite Inc.</a>",
38,https://twitter.com/DanicaPatrick/status/1592608384653615105,2022-11-15 20:00:02+00:00,Clips with @jilltarter #PrettyIntensePodcast. Retired NASA Scientist talks about communication we could receive from another planet with similar technology &amp; what we are transmitting with hope of detection. watch at https://t.co/MPZ1ewSBdT or listen https://t.co/cZ4zOagXft #SETI https://t.co/TZ2r3MHphA,1592608384653615105,DanicaPatrick,11,4,70,0,1592608384653615105,en,"<a href=""https://www.hootsuite.com"" rel=""nofollow"">Hootsuite Inc.</a>",
39,https://twitter.com/DanicaPatrick/status/1590781367322742784,2022-11-10 19:00:07+00:00,"The Emeritus Chair for SETI Research, @jilltarter  on #PrettyIntensePodcast. Have you ever wondered if we are alone? Jill has spent her life looking for undeniable proof of technological civilizations beyond Earth. https://t.co/cZ4zO9ZlQT or https://t.co/EUTn1XPdsv  #SETI https://t.co/H1Hhc0ChCs",1590781367322742784,DanicaPatrick,8,6,52,0,1590781367322742784,en,"<a href=""https://www.hootsuite.com"" rel=""nofollow"">Hootsuite Inc.</a>",
40,https://twitter.com/DanicaPatrick/status/1590087293641318400,2022-11-08 21:02:07+00:00,"YouTube Clips with @DocAmen on the #PrettyIntensePodcast are out today. Dr. Amen, a Brain Specialist, has some good news for athletes with CTE brain injuries. Watch at https://t.co/ceYKx7wx4M or listen to the full episode at https://t.co/cZ4zOahv51 #YouHappier #DrAmen",1590087293641318400,DanicaPatrick,2,6,51,0,1590087293641318400,en,"<a href=""https://www.hootsuite.com"" rel=""nofollow"">Hootsuite Inc.</a>",
41,https://twitter.com/DanicaPatrick/status/1588229650521759744,2022-11-03 18:00:31+00:00,"Brain specialist @DocAmen is on #PrettyIntensePodcast. I had my brain scanned by Dr. Amen, and we talked about what he found. We also talk about what the brain of a serial killer looks like. Listen at https://t.co/cZ4zOagXft or https://t.co/3rpbfVGtpi  #YouHappier https://t.co/WrDSTbqD0P",1588229650521759744,DanicaPatrick,8,16,59,1,1588229650521759744,en,"<a href=""https://www.hootsuite.com"" rel=""nofollow"">Hootsuite Inc.</a>",
42,https://twitter.com/DanicaPatrick/status/1587897346225893376,2022-11-02 20:00:03+00:00,Today in the UK is #NationalEngineeringDay. I‚Äôve been in involved with @ThisIsEng @BecomingXteam and @AmazonNewsUK to highlight the vital role engineers have played in my career. A big thank you to all engineers who kept us drivers safe! https://t.co/2BsHi9hdWV,1587897346225893376,DanicaPatrick,12,24,170,3,1587897346225893376,en,"<a href=""https://www.hootsuite.com"" rel=""nofollow"">Hootsuite Inc.</a>",
43,https://twitter.com/DanicaPatrick/status/1587534983618613249,2022-11-01 20:00:09+00:00,YouTube Clips with Michael A Singer on #PrettyIntensePodcast. Michael teaches us not to take things personally and to use essential tools to get the best out of people and attract what we want.  Watch at https://t.co/BU8SmACQx8 or listen at https://t.co/cZ4zOagXft #UntetheredSoul https://t.co/8VI5QTSnS1,1587534983618613249,DanicaPatrick,6,10,60,2,1587534983618613249,en,"<a href=""https://www.hootsuite.com"" rel=""nofollow"">Hootsuite Inc.</a>",
44,https://twitter.com/DanicaPatrick/status/1587101588937654279,2022-10-31 15:18:00+00:00,ü§£ü§£ü§£ü§£,1587101588937654279,DanicaPatrick,53,167,2290,18,1587101588937654279,art,"<a href=""http://twitter.com/download/iphone"" rel=""nofollow"">Twitter for iPhone</a>",
45,https://twitter.com/DanicaPatrick/status/1585692995264954368,2022-10-27 18:00:45+00:00,"What a special treat! Michael A. Singer on the #PrettyIntensePodcast. Singer wrote my favorite book, ""The Untethered Soul.‚Äù Michael explains how to access and process the mess we push down. This interview is a must listen at https://t.co/cZ4zOagXft or https://t.co/9XI5q2mKFj https://t.co/vT0ZMtbXaZ",1585692995264954368,DanicaPatrick,6,6,65,1,1585692995264954368,en,"<a href=""https://www.hootsuite.com"" rel=""nofollow"">Hootsuite Inc.</a>",
46,https://twitter.com/DanicaPatrick/status/1585361263646937104,2022-10-26 20:02:34+00:00,Check me out on this week‚Äôs episode of @HypochonActor talking to @SeanHayes and @WaliPriyanka about my experience with Breast Implant Illness. Listen here https://t.co/Gh78VywwJu! https://t.co/RtF8xaLkQS,1585361263646937104,DanicaPatrick,7,5,72,0,1585361263646937104,en,"<a href=""https://www.hootsuite.com"" rel=""nofollow"">Hootsuite Inc.</a>",
47,https://twitter.com/DanicaPatrick/status/1584998315854364697,2022-10-25 20:00:21+00:00,YouTube Clips with NASCAR driver @dennyhamlin on the #PrettyIntensePodcast are out today. Do nice guys finish last? Do you have to be selfish to succeed in a sport like motorsports?  Watch at https://t.co/4ymCUfPj1K or listen at https://t.co/cZ4zOagXft #NASCAR https://t.co/sEX7qCqUnC,1584998315854364697,DanicaPatrick,9,10,84,3,1584998315854364697,en,"<a href=""https://www.hootsuite.com"" rel=""nofollow"">Hootsuite Inc.</a>",
48,https://twitter.com/DanicaPatrick/status/1583156174790483968,2022-10-20 18:00:20+00:00,"My old friend @dennyhamlin is on the #PrettyIntensePodcast. Many of you would like to know why he crashed me so much. We talk about that the pressures of racing, of fame, and the outrageous parties of the good old days. https://t.co/cZ4zOahv51 or watch https://t.co/ke72xIKTHi https://t.co/sIw0Y8gWSE",1583156174790483968,DanicaPatrick,64,65,606,18,1583156174790483968,en,"<a href=""https://www.hootsuite.com"" rel=""nofollow"">Hootsuite Inc.</a>",
49,https://twitter.com/DanicaPatrick/status/1582461613516689408,2022-10-18 20:00:24+00:00,YouTube Clips with @DrGaborMate on the #PrettyIntensePodcast. Have you ever wondered why certain things trigger you? Learn how to start your healing process. Watch at https://t.co/7YkcYDKKgs or listen at https://t.co/cZ4zOahv51 #SelfDiscovery https://t.co/hEtANeAr7v,1582461613516689408,DanicaPatrick,5,20,121,0,1582461613516689408,en,"<a href=""https://www.hootsuite.com"" rel=""nofollow"">Hootsuite Inc.</a>",
50,https://twitter.com/DanicaPatrick/status/1580679854525419520,2022-10-13 22:00:19+00:00,"I'm excited to talk to @DrGaborMate on #PrettyIntensePodcast. Mat√©, author of ‚ÄúThe Myth of Normal‚Äù, and has a real understanding of childhood trauma. He explains what causes us to be triggered. Listen at https://t.co/cZ4zOahv51 or watch on https://t.co/p3rpl9jAIS #childhoodtrauma https://t.co/YrWTfAaTeq",1580679854525419520,DanicaPatrick,1,16,90,5,1580679854525419520,en,"<a href=""https://www.hootsuite.com"" rel=""nofollow"">Hootsuite Inc.</a>",
51,https://twitter.com/DanicaPatrick/status/1579924862533263361,2022-10-11 20:00:15+00:00,YouTube Clips with @BenBikmanPhD on the #PrettyIntensePodcast. Are humans meant to be vegan? Find out what Dr. Bikman thinks you should and should not be eating. Watch at https://t.co/4JsyCpR4cz or listen to the full episode at https://t.co/cZ4zOahv51 #hlthcode https://t.co/MIVR96WTmG,1579924862533263361,DanicaPatrick,4,8,47,0,1579924862533263361,en,"<a href=""https://www.hootsuite.com"" rel=""nofollow"">Hootsuite Inc.</a>",
52,https://twitter.com/DanicaPatrick/status/1578082793178992640,2022-10-06 18:00:31+00:00,We are talking to @BenBikmanPhD on #PrettyIntensePodcast. Dr. Bikman is explaining the science of insulin to our diet. How it affects everything from fat burning to infertility. Learn best fat burning techniques. https://t.co/cZ4zOagXft  https://t.co/89PZAcX55B  #hlthcode https://t.co/ajg7dnCImt,1578082793178992640,DanicaPatrick,9,20,120,1,1578082793178992640,en,"<a href=""https://www.hootsuite.com"" rel=""nofollow"">Hootsuite Inc.</a>",
53,https://twitter.com/DanicaPatrick/status/1577629838122356742,2022-10-05 12:00:39+00:00,"YouTube Clips with @daveasprey on the #PrettyIntensePodcast. The ""Father of Biohacking‚Äù tell us why we should believe in reincarnation. Watch at  https://t.co/TuJoDFdwTp  or listen at https://t.co/cZ4zOagXft https://t.co/1JRgsQeX3l",1577629838122356742,DanicaPatrick,10,7,46,0,1577629838122356742,en,"<a href=""https://www.hootsuite.com"" rel=""nofollow"">Hootsuite Inc.</a>",
54,https://twitter.com/DanicaPatrick/status/1575612124016955392,2022-09-29 22:22:58+00:00,"My guest today is @daveasprey on #PrettyIntensePodcast. We talk about reincarnation, communicating with the universe, forgiveness and forms of therapeutic plant medicines. Listen at https://t.co/cZ4zO9ZlQT or watch on https://t.co/QJSpRcE8pC https://t.co/Eve2yhQVDT",1575612124016955392,DanicaPatrick,10,12,65,2,1575612124016955392,en,"<a href=""https://www.hootsuite.com"" rel=""nofollow"">Hootsuite Inc.</a>",
55,https://twitter.com/DanicaPatrick/status/1574730788616151046,2022-09-27 12:00:51+00:00,YouTube Clips with Jaspreet Singh @MinorityMindset on the #PrettyIntensePodcast. Learn the best small investing you can make. Watch at https://t.co/FLdxD6UIYi or listen to the full episode at https://t.co/cZ4zOagXft #MoneyMindset #HowToMakeMoney https://t.co/JSD5meOBub,1574730788616151046,DanicaPatrick,4,9,60,0,1574730788616151046,en,"<a href=""https://www.hootsuite.com"" rel=""nofollow"">Hootsuite Inc.</a>",
56,https://twitter.com/DanicaPatrick/status/1573074106924367874,2022-09-22 22:17:48+00:00,I know some people that would def agree but they are not babies. üòÜ,1573074106924367874,DanicaPatrick,15,12,104,0,1573074106924367874,en,"<a href=""http://twitter.com/download/iphone"" rel=""nofollow"">Twitter for iPhone</a>",
57,https://twitter.com/DanicaPatrick/status/1573009328390696960,2022-09-22 18:00:23+00:00,"We have a million dollar guest today. Jaspreet Singh @MinorityM1ndset is on #PrettyIntensePodcast. If you only have $5,000 to invest, learn what you should be investing in. Listen at https://t.co/cZ4zOahv51 or watch on https://t.co/NNakf5qdYE #MinorityMindset #InvestmentTips https://t.co/p8ozdlAWzk",1573009328390696960,DanicaPatrick,5,11,68,0,1573009328390696960,en,"<a href=""https://www.hootsuite.com"" rel=""nofollow"">Hootsuite Inc.</a>",
58,https://twitter.com/DanicaPatrick/status/1572363777554714625,2022-09-20 23:15:12+00:00,"YouTube Clips  @Robert_E_Grant_ #PrettyIntensePodcast. Robert talks how he learned to communicate with the Universe. The signs are there, we just need to learn how to look for them. Watch at https://t.co/InrUZxwbJy or listen to the full episode at https://t.co/cZ4zOagXft https://t.co/x9RCPKiqMv",1572363777554714625,DanicaPatrick,5,10,58,0,1572363777554714625,en,"<a href=""https://www.hootsuite.com"" rel=""nofollow"">Hootsuite Inc.</a>",
59,https://twitter.com/DanicaPatrick/status/1572193961363574787,2022-09-20 12:00:24+00:00,"@jordanbpeterson and I talk about the damage that social media has on our younger generations. How can we help kids navigate this era of hubris exhibitionists, propaganda, chastisement? Watch at https://t.co/bivR2rSIX7 #jordanpeterson #SocialMediaDamage https://t.co/wEJueYiBzt",1572193961363574787,DanicaPatrick,1,1,14,0,1572193961363574787,en,"<a href=""https://www.hootsuite.com"" rel=""nofollow"">Hootsuite Inc.</a>",
60,https://twitter.com/DanicaPatrick/status/1570533007722975232,2022-09-15 22:00:22+00:00,@Robert_E_Grant_ is on the #PrettyIntensePodcast today. Robert talks about his UFO experience that was undeniably an alien encounter. Enjoy the mind expanding episode. Listen at https://t.co/cZ4zOahv51 or watch on https://t.co/St7UckxjxU #alienencounter https://t.co/EBR4PEleuY,1570533007722975232,DanicaPatrick,3,0,2,0,1570533007722975232,en,"<a href=""https://www.hootsuite.com"" rel=""nofollow"">Hootsuite Inc.</a>",
61,https://twitter.com/DanicaPatrick/status/1569778013314629634,2022-09-13 20:00:18+00:00,"YouTube Clips with Dianne Cowern @thephysicsgirl on the #PrettyIntensePodcast. We discuss the possibility that we‚Äôre living in a simulation. What are your thoughts on this? Watch at https://t.co/ShTo1vQekU or listen at https://t.co/cZ4zOagXft  
#thephysicsgirl #IsLifeASimulation https://t.co/rQrQFyrj6H",1569778013314629634,DanicaPatrick,9,15,63,1,1569778013314629634,en,"<a href=""https://www.hootsuite.com"" rel=""nofollow"">Hootsuite Inc.</a>",
62,https://twitter.com/DanicaPatrick/status/1568667730118868992,2022-09-10 18:28:25+00:00,This was part of the weather last week at burning man. üò¨ü§™ü§¶üèª‚Äç‚ôÄÔ∏è,1568667730118868992,DanicaPatrick,14,14,108,1,1568667730118868992,en,"<a href=""http://twitter.com/download/iphone"" rel=""nofollow"">Twitter for iPhone</a>",
63,https://twitter.com/DanicaPatrick/status/1568667300815056899,2022-09-10 18:26:43+00:00,Haha. I saw the pic and said - East Lansing! Yes been there many times! üèÜüòú,1568667300815056899,DanicaPatrick,3,10,92,1,1568667300815056899,en,"<a href=""http://twitter.com/download/iphone"" rel=""nofollow"">Twitter for iPhone</a>",
64,https://twitter.com/DanicaPatrick/status/1568011305516138497,2022-09-08 23:00:02+00:00,"@thephysicsgirl Dianna Cowern is on #PrettyIntensePodcast. If you want quantum physics explained in a way anyone can understand, Dianna is your ‚ÄúPhysics Girl‚Äù. Talking, black holes, dark matter, fractals, time and space. https://t.co/cZ4zOagXft or https://t.co/clPt5kAjRY https://t.co/jsRsQx7XWY",1568011305516138497,DanicaPatrick,3,16,112,0,1568011305516138497,en,"<a href=""https://www.hootsuite.com"" rel=""nofollow"">Hootsuite Inc.</a>",
65,https://twitter.com/DanicaPatrick/status/1567211038562570247,2022-09-06 18:00:03+00:00,"YouTube Clips  @maxlugavere on the #PrettyIntensePodcast. The truth about dairy products, the tricks food industries use to sell us unhealthy food, and the most important foods to consume to be healthy. https://t.co/E9qiG9roKC  or listen https://t.co/cZ4zOagXft #TheGeniusLife https://t.co/U32GLNugyx",1567211038562570247,DanicaPatrick,4,11,53,0,1567211038562570247,en,"<a href=""https://www.hootsuite.com"" rel=""nofollow"">Hootsuite Inc.</a>",
66,https://twitter.com/DanicaPatrick/status/1565746475157651457,2022-09-02 17:00:24+00:00,"@maxlugavere is on #PrettyIntensePodcast, author of ""Genius Foods""  believes that dementia is preventable with the right diet. Find out what foods you need to be eating. Listen at https://t.co/cZ4zOagXft or watch on https://t.co/3qFjtzvjNq  #TheGeniusLife #MaxLugavere https://t.co/CHRCaa1b02",1565746475157651457,DanicaPatrick,0,0,1,0,1565746475157651457,en,"<a href=""https://www.hootsuite.com"" rel=""nofollow"">Hootsuite Inc.</a>",
67,https://twitter.com/DanicaPatrick/status/1564719666295078912,2022-08-30 21:00:14+00:00,@joshuagates  is on the #PrettyIntensePodcast. We debate alien participation in the worlds biggest mysteries. Could humans with no machinery moved the massive stones hundreds of miles? Is there an earthly explanation? Watch at https://t.co/BPSEJ5URZV or https://t.co/cZ4zOagXft https://t.co/Jqez1VGuN0,1564719666295078912,DanicaPatrick,0,1,13,0,1564719666295078912,en,"<a href=""https://www.hootsuite.com"" rel=""nofollow"">Hootsuite Inc.</a>",
68,https://twitter.com/DanicaPatrick/status/1562862411983437824,2022-08-25 18:00:10+00:00,"The delightful @joshuagates is on the #PrettyIntensePodcast. Host of Discovery Channel‚Äôs ""Expedition Unknown"". He shares his most dangers and terrifying adventures. Tune in to hear his most terrifying paranormal experience. https://t.co/cZ4zO9ZlQT or https://t.co/fMpE588j4m https://t.co/TB61AzX0Cg",1562862411983437824,DanicaPatrick,19,35,371,0,1562862411983437824,en,"<a href=""https://www.hootsuite.com"" rel=""nofollow"">Hootsuite Inc.</a>",
69,https://twitter.com/DanicaPatrick/status/1560386091059929088,2022-08-18 22:00:09+00:00,"Dr. Paul Saladino @CarnivoreMD  is on #PrettyIntensePodcast. Some of you are going to like what you hear today, spinach is bad for you. Paul believes we can cure humans by returning to our DNA designed diet. Listen at:https://t.co/cZ4zOagXft or YouTube: https://t.co/yv2scxvseq https://t.co/o9TbdgYjNl",1560386091059929088,DanicaPatrick,4,11,56,1,1560386091059929088,en,"<a href=""https://www.hootsuite.com"" rel=""nofollow"">Hootsuite Inc.</a>",
70,https://twitter.com/DanicaPatrick/status/1559631167288217604,2022-08-16 20:00:21+00:00,"YouTube Clips with neuroscientist Andrew Huberman Ph.D. @hubermanlab Learn to improve your love life, how dopamine production effects our sexual experience and how we can learn to improve the outcome. Don‚Äôt miss. https://t.co/oLCzhl0OXF or listen at https://t.co/cZ4zOagXft https://t.co/HcBJdwjPg5",1559631167288217604,DanicaPatrick,1,14,56,1,1559631167288217604,en,"<a href=""https://www.hootsuite.com"" rel=""nofollow"">Hootsuite Inc.</a>",
71,https://twitter.com/DanicaPatrick/status/1557789010143084544,2022-08-11 18:00:16+00:00,My guest today is Andrew Huberman Ph.D. from @hubermanlab. We  talk about the importance of dopamine to our brain and our life. Learn how to increase your dopamine production to activate and inspire. #PrettyIntensePodcast https://t.co/cZ4zOagXft YouTube: https://t.co/OnuEXYz93d https://t.co/faCB9jMCur,1557789010143084544,DanicaPatrick,14,52,440,2,1557789010143084544,en,"<a href=""https://www.hootsuite.com"" rel=""nofollow"">Hootsuite Inc.</a>",
72,https://twitter.com/DanicaPatrick/status/1557064217701896194,2022-08-09 18:00:13+00:00,YouTube Clips with @SheleanaAiyana of @RisingWoman on the #PrettyIntensePodcast. Is it safe to enter a new relationship when you are still healing from another? Do we have to go through pain to grow? https://t.co/mq0EK8hnX0 or listen https://t.co/cZ4zOagXft  #becomingtheone https://t.co/X4zbMMzOI6,1557064217701896194,DanicaPatrick,5,9,74,1,1557064217701896194,en,"<a href=""https://www.hootsuite.com"" rel=""nofollow"">Hootsuite Inc.</a>",
73,https://twitter.com/DanicaPatrick/status/1555314779983679490,2022-08-04 22:08:34+00:00,"@SheleanaAiyana  @RisingWoman is on #PrettyIntensePodcast. Author of ‚ÄúBecoming The One‚Äù. Her  book is a guide to healing our relationship patterns, making space for authentic love &amp; connection.   Listen at https://t.co/cZ4zOagXft or on YouTube https://t.co/HV4jZ1MEbI https://t.co/eR7VkeQgH1",1555314779983679490,DanicaPatrick,2,12,54,0,1555314779983679490,en,"<a href=""https://www.hootsuite.com"" rel=""nofollow"">Hootsuite Inc.</a>",
74,https://twitter.com/DanicaPatrick/status/1554546344894861314,2022-08-02 19:15:05+00:00,"@elizabeth.april on the #PrettyIntensePodcast. Elizabeth tell us what she thinks reincarnation is, how this human experience all started, and what we could come back as in the next life. Watch at https://t.co/ZD4sVMYqHU or listen at https://t.co/cZ4zOagXft  #AlienAbduction https://t.co/VAs716bile",1554546344894861314,DanicaPatrick,0,0,2,0,1554546344894861314,en,"<a href=""https://www.hootsuite.com"" rel=""nofollow"">Hootsuite Inc.</a>",
75,https://twitter.com/DanicaPatrick/status/1552715662375768064,2022-07-28 18:00:36+00:00,"Elizabeth April is on #PrettyIntensePodcast. She explains how she channels &amp; communicates with the Galactic Federation, about our planet, interaction with entities, human origins, and our future as humans. Listen at https://t.co/cZ4zOagXft or  YouTube  https://t.co/3oKTOWm28v https://t.co/r1nY2GEMt8",1552715662375768064,DanicaPatrick,8,9,76,2,1552715662375768064,en,"<a href=""https://www.hootsuite.com"" rel=""nofollow"">Hootsuite Inc.</a>",
76,https://twitter.com/DanicaPatrick/status/1551990803177816065,2022-07-26 18:00:16+00:00,YouTube Clips with @createthelove on #PrettyIntensePodcast. Learn how to create authentic change for the life and love you want and deserve. Watch at https://t.co/SE4ubWlsKw or listen to the full episode at https://t.co/cZ4zOagXft   #attachmentstyles #FindLove https://t.co/dITHkXdfEl,1551990803177816065,DanicaPatrick,8,15,80,2,1551990803177816065,en,"<a href=""https://www.hootsuite.com"" rel=""nofollow"">Hootsuite Inc.</a>",
77,https://twitter.com/DanicaPatrick/status/1551929647461441540,2022-07-26 13:57:16+00:00,"Awww, thanks for sharing. ‚ò∫Ô∏è",1551929647461441540,DanicaPatrick,14,14,158,1,1551929647461441540,en,"<a href=""http://twitter.com/download/iphone"" rel=""nofollow"">Twitter for iPhone</a>",
78,https://twitter.com/DanicaPatrick/status/1549876808174256129,2022-07-20 22:00:01+00:00,"YouTube Clips with @GarryPNolan on #PrettyIntensePodcast. Is the most important question we can ask, ‚Äú Are we alone?‚Äù We talk about the possibilities of aliens. Watch at https://t.co/QdG2KYbMv8 or listen to the full episode at https://t.co/cZ4zOagXft  #ETintelligence https://t.co/LfmW9m84J8",1549876808174256129,DanicaPatrick,12,12,84,1,1549876808174256129,en,"<a href=""https://www.hootsuite.com"" rel=""nofollow"">Hootsuite Inc.</a>",
79,https://twitter.com/DanicaPatrick/status/1547642297210118144,2022-07-14 18:00:52+00:00,"Our guest today is @GarryPNolan Get ready for some science backed, mind-blowing information on the endless possibilities of the Universe. We talk DNA, energy sources, human origins, out-of-body experiences and yes, aliens. https://t.co/cZ4zO9ZlQT or https://t.co/0ghhgAJlWK https://t.co/L5r8JCzAAZ",1547642297210118144,DanicaPatrick,14,64,235,4,1547642297210118144,en,"<a href=""https://www.hootsuite.com"" rel=""nofollow"">Hootsuite Inc.</a>",
80,https://twitter.com/DanicaPatrick/status/1547536779309375490,2022-07-14 11:01:34+00:00,Love Tony jr!!!!! He‚Äôs a good one.,1547536779309375490,DanicaPatrick,14,22,804,0,1547536779309375490,en,"<a href=""http://twitter.com/download/iphone"" rel=""nofollow"">Twitter for iPhone</a>",
81,https://twitter.com/DanicaPatrick/status/1546857045114208256,2022-07-12 14:00:33+00:00,"YouTube Clips with @dr.mindypelz on the #PrettyIntensePodcast. Get fast tips on how to loose weight, boost metabolism, and fight disease by choosing the right fasting times. Watch at https://t.co/STF33Ya07J or listen to the full episode at https://t.co/cZ4zOagXft  #OMAD https://t.co/mqb7JPUmL1",1546857045114208256,DanicaPatrick,5,9,59,0,1546857045114208256,en,"<a href=""https://www.hootsuite.com"" rel=""nofollow"">Hootsuite Inc.</a>",
82,https://twitter.com/DanicaPatrick/status/1545105570008633344,2022-07-07 18:00:49+00:00,@drmindypelz is on #PrettyIntensePodcast. Dr. Pelz breaks down for us exactly how our body heals on different fasting lengths. Find out how you can be the healthiest you. https://t.co/cZ4zOagXft or  YouTube https://t.co/pUsHejtBJe  #IntermittentFasting #OMAD #Fastingforwomen https://t.co/p3JJLvolTT,1545105570008633344,DanicaPatrick,0,0,2,0,1545105570008633344,en,"<a href=""https://www.hootsuite.com"" rel=""nofollow"">Hootsuite Inc.</a>",
83,https://twitter.com/DanicaPatrick/status/1544380629453885441,2022-07-05 18:00:09+00:00,"YouTube Clips with @DrZachBush  #PrettyIntensePodcast. Zach shares his profound experiences from years of hospice work. Death is not the end game, it‚Äôs just a beautiful metamorphosis. Watch at  https://t.co/W8TYx7o8Zl or listen to the full episode at https://t.co/cZ4zOagXft https://t.co/iVgkpwLJ4m",1544380629453885441,DanicaPatrick,8,12,84,0,1544380629453885441,en,"<a href=""https://www.hootsuite.com"" rel=""nofollow"">Hootsuite Inc.</a>",
84,https://twitter.com/DanicaPatrick/status/1542568686531366914,2022-06-30 18:00:09+00:00,@DrZachBush on #PrettyIntensePodcast today. Zach is a MD telling us we have the power to cure ourselves. His non wavering belief in the power of the universe has taken him through hard changes &amp; utmost surrender. https://t.co/cZ4zOagXft or YouTube  https://t.co/Nb9e3SOrn3 https://t.co/pTVfy8IqSZ,1542568686531366914,DanicaPatrick,0,0,1,0,1542568686531366914,en,"<a href=""https://www.hootsuite.com"" rel=""nofollow"">Hootsuite Inc.</a>",
85,https://twitter.com/DanicaPatrick/status/1541843993327198210,2022-06-28 18:00:28+00:00,"YouTube Clips @metabolic_mike is on the #PrettyIntensePodcast. We dug deep into bio markers, the importance of sleep. Don‚Äôt miss this episode. Watch at  https://t.co/BvQYGbXll4 or listen to the full episode at https://t.co/cZ4zOagXft  #IntermittentFasting #MouthTaping https://t.co/2zxLfvcUiP",1541843993327198210,DanicaPatrick,5,10,64,0,1541843993327198210,en,"<a href=""https://www.hootsuite.com"" rel=""nofollow"">Hootsuite Inc.</a>",
86,https://twitter.com/DanicaPatrick/status/1540715194602508288,2022-06-25 15:15:02+00:00,"A breaking point may change our lives forever. From darkness comes rebirth, from pain comes growth.  Learn lesson from my guests, @_KimberlySnyder @rhondabyrne @petercroneofficial @GabbyBernstein @melrobbins @sheleanaaiyana  Watch on YouTube at https://t.co/dHSip2d8Yq #TheLesson https://t.co/dUoD1sbSk3",1540715194602508288,DanicaPatrick,5,5,61,1,1540715194602508288,en,"<a href=""https://www.hootsuite.com"" rel=""nofollow"">Hootsuite Inc.</a>",
87,https://twitter.com/DanicaPatrick/status/1540031975528222720,2022-06-23 18:00:10+00:00,We have Mike Mutzel on #PrettyIntensePodcast. Mike shares with us his trick for losing weight fast and many more metabolic hacks. Listen at https://t.co/cZ4zOahv51 or watch on YouTube  https://t.co/HOU2kplVoe #IntermittentFasting #MouthTaping https://t.co/Nk3puzA5ki,1540031975528222720,DanicaPatrick,6,6,45,0,1540031975528222720,en,"<a href=""https://www.hootsuite.com"" rel=""nofollow"">Hootsuite Inc.</a>",
88,https://twitter.com/DanicaPatrick/status/1539738773310869508,2022-06-22 22:35:05+00:00,Just Nicole and in the same picture. üòú,1539738773310869508,DanicaPatrick,21,14,167,1,1539738773310869508,en,"<a href=""http://twitter.com/download/iphone"" rel=""nofollow"">Twitter for iPhone</a>",
89,https://twitter.com/DanicaPatrick/status/1539307312967749633,2022-06-21 18:00:37+00:00,YouTube Clips with @kuteblackson on the #PrettyIntensePodcast. We are learning the importance of surrender. Letting go to let life‚Äôs abundance to flow. Don‚Äôt miss. https://t.co/UnPiZwPf7u or listen to the full episode at https://t.co/cZ4zOahv51  #LearnToSurender #KuteBlackson https://t.co/8ga7LX7TWF,1539307312967749633,DanicaPatrick,3,6,52,1,1539307312967749633,en,"<a href=""https://www.hootsuite.com"" rel=""nofollow"">Hootsuite Inc.</a>",
90,https://twitter.com/DanicaPatrick/status/1539246804683968513,2022-06-21 14:00:10+00:00,"voyantbydanica
üíö The fragrance for you to RESTORE with @voyantbydanica another exclusive concoction from @DanicaPatrick 
.
#evokeemotion
#homescents
#candles
#spa
#restore https://t.co/APXKTXSqsH",1539246804683968513,DanicaPatrick,9,9,83,2,1539246804683968513,en,"<a href=""https://www.hootsuite.com"" rel=""nofollow"">Hootsuite Inc.</a>",
91,https://twitter.com/DanicaPatrick/status/1537495360255496192,2022-06-16 18:00:33+00:00,"Today I‚Äôm talking to @kuteblackson on #PrettyIntensePodcast. Learn to surrender to your limitless potential. Kute is a breath of fresh air and wisdom. Enjoy this episode, be free and go play. Listen at https://t.co/cZ4zOagXft or watch on YouTube  https://t.co/t8O6rIrOXF https://t.co/qKnS0Mox94",1537495360255496192,DanicaPatrick,8,11,50,0,1537495360255496192,en,"<a href=""https://www.hootsuite.com"" rel=""nofollow"">Hootsuite Inc.</a>",
92,https://twitter.com/DanicaPatrick/status/1536800697534009347,2022-06-14 20:00:13+00:00,YouTube Clips with @JillianMichaels on  #PrettyIntensePodcast. Jillian shares the hardest lessons she had to learn. Don‚Äôt miss Jillian‚Äôs great life advice episode. Watch clips at https://t.co/3bRJV4kMn7 or listen to the full episode at https://t.co/cZ4zOagXft #thefitnessapp https://t.co/6eIjSCimeP,1536800697534009347,DanicaPatrick,5,9,85,0,1536800697534009347,en,"<a href=""https://www.hootsuite.com"" rel=""nofollow"">Hootsuite Inc.</a>",
93,https://twitter.com/DanicaPatrick/status/1535321051890171909,2022-06-10 18:00:38+00:00,"What Is The Ego? The ego is a part of all of us. Learn from our guests on ways to honor why we have ego, yet make choices from a place of light and love. @thelittleidiot @AubreyMarcus @_KimberlySnyder @_tealswan. Watch on YouTube at https://t.co/BGqEnh3a4H https://t.co/nQHuCo6xWo",1535321051890171909,DanicaPatrick,5,5,48,0,1535321051890171909,en,"<a href=""https://www.hootsuite.com"" rel=""nofollow"">Hootsuite Inc.</a>",
94,https://twitter.com/DanicaPatrick/status/1534958581002424325,2022-06-09 18:00:18+00:00,Don‚Äôt miss @JillianMichaels on the #PrettyIntense Podcast. We talked about Jillian's biggest life lessons in her personal and professional life. Listen at https://t.co/cZ4zOagXft or watch on YouTube https://t.co/Ih63Onn0Z8 #thefitnessapp https://t.co/ppAfNlRaJe,1534958581002424325,DanicaPatrick,5,6,52,0,1534958581002424325,en,"<a href=""https://www.hootsuite.com"" rel=""nofollow"">Hootsuite Inc.</a>",
95,https://twitter.com/DanicaPatrick/status/1534857838660575233,2022-06-09 11:19:59+00:00,"You‚Äôre welcome! I signed a bunch of Danica Ro≈õe bottles, go get one before they are gone! ‚ò∫Ô∏è",1534857838660575233,DanicaPatrick,15,14,219,0,1534857838660575233,en,"<a href=""http://twitter.com/download/iphone"" rel=""nofollow"">Twitter for iPhone</a>",
96,https://twitter.com/DanicaPatrick/status/1534233745527562241,2022-06-07 18:00:04+00:00,"YouTube Clips  @vvanedwards on the #PrettyIntensePodcast. Don‚Äôt miss the red flags that your future partner might be sending you. Learn to spot someone who is untrustworthy, narcissistic, or a liar. Watch at https://t.co/jq2CFlqe42 or listen https://t.co/cZ4zOagXft  #Cues https://t.co/SCTYh2o0BM",1534233745527562241,DanicaPatrick,2,8,59,2,1534233745527562241,en,"<a href=""https://www.hootsuite.com"" rel=""nofollow"">Hootsuite Inc.</a>",
97,https://twitter.com/DanicaPatrick/status/1532559881852657668,2022-06-03 03:08:44+00:00,Oh hey! Sorry I didn‚Äôt say more. üòú,1532559881852657668,DanicaPatrick,33,15,362,3,1532559881852657668,en,"<a href=""http://twitter.com/download/iphone"" rel=""nofollow"">Twitter for iPhone</a>",
98,https://twitter.com/DanicaPatrick/status/1532444512991199232,2022-06-02 19:30:17+00:00,This was sooooo much fun! Thank you for sharing your brilliance!,1532444512991199232,DanicaPatrick,4,5,83,0,1532444512991199232,en,"<a href=""http://twitter.com/download/iphone"" rel=""nofollow"">Twitter for iPhone</a>",
99,https://twitter.com/DanicaPatrick/status/1532421825573048324,2022-06-02 18:00:08+00:00,"Don‚Äôt miss @vvanedwards on today‚Äôs #PrettyIntensePodcast, Vanessa is a body language expert and author. Learn the best ‚Äúcues‚Äù that gives you the best impression of yourself.  Listen at https://t.co/cZ4zOagXft or  watch on YouTube https://t.co/n3LlVEy6PP  #Captivate #Cues https://t.co/kG9WO61ERd",1532421825573048324,DanicaPatrick,2,7,50,0,1532421825573048324,en,"<a href=""https://www.hootsuite.com"" rel=""nofollow"">Hootsuite Inc.</a>",
100,https://twitter.com/DanicaPatrick/status/1532142790263590913,2022-06-01 23:31:21+00:00,You were amazing! And I was SO pumped to talk to you after so many years of taking in your lectures and talks!,1532142790263590913,DanicaPatrick,7,3,72,0,1532142790263590913,en,"<a href=""http://twitter.com/download/iphone"" rel=""nofollow"">Twitter for iPhone</a>",
101,https://twitter.com/DanicaPatrick/status/1531697033324675072,2022-05-31 18:00:04+00:00,Sara Walker @Sara_Imari on #PrettyIntensePodcast. Have you ever wondered how life really began on this planet? Don‚Äôt miss. Watch clips at https://t.co/UzUHaOx5R8 or listen to the full episode at https://t.co/cZ4zOagXft  #SaraWalker #astrobiologist https://t.co/9jMSGcwRzA,1531697033324675072,DanicaPatrick,4,9,75,4,1531697033324675072,en,"<a href=""https://www.hootsuite.com"" rel=""nofollow"">Hootsuite Inc.</a>",
102,https://twitter.com/DanicaPatrick/status/1531657048802336770,2022-05-31 15:21:11+00:00,Go see his show and check out my podcast with Brian! It would be like concert cramming but with knowledge instead of music. üòú,1531657048802336770,DanicaPatrick,4,2,58,0,1531657048802336770,en,"<a href=""http://twitter.com/download/iphone"" rel=""nofollow"">Twitter for iPhone</a>",
103,https://twitter.com/DanicaPatrick/status/1530247624133058560,2022-05-27 18:00:38+00:00,"What Is Consciousness ? on #PrettyIntensePodcast. The importance of understanding consciousness, can improve every aspect of our lives. Our guests are @biologyofbelief @_tealswan @GreggBraden @NeilDeGrTyson @jayshetty  Watch at: https://t.co/nEoKo1am0m https://t.co/SPo17U1qgL",1530247624133058560,DanicaPatrick,6,8,61,0,1530247624133058560,en,"<a href=""https://www.hootsuite.com"" rel=""nofollow"">Hootsuite Inc.</a>",
104,https://twitter.com/DanicaPatrick/status/1529945515647025190,2022-05-26 22:00:10+00:00,Our  today is @Sara_Imari #SaraWalker on the #PrettyIntense Podcast. We talk about the origin of life. Where did we come from? Why are we here? https://t.co/cZ4zOagXft or watch on YouTube  https://t.co/6HwgqNGGq3 Powered by @PirelliUSA @Pirelli #SaraWalker #astrobiologist https://t.co/l3RyxAS6Fj,1529945515647025190,DanicaPatrick,5,6,76,0,1529945515647025190,en,"<a href=""https://www.hootsuite.com"" rel=""nofollow"">Hootsuite Inc.</a>",
105,https://twitter.com/DanicaPatrick/status/1529190566155767808,2022-05-24 20:00:16+00:00,"Don‚Äôt miss YouTube clips with @ProfBrianCox on #PrettyIntensePodcast. Learn about the moons of Jupiter, black holes and life on Mars. Watch clips at https://t.co/u7JqDig8jp or listen to the full episode at https://t.co/cZ4zOagXft  #ProfessorBrianCoxHorizons https://t.co/wZZztYDSfE",1529190566155767808,DanicaPatrick,6,7,62,2,1529190566155767808,en,"<a href=""https://www.hootsuite.com"" rel=""nofollow"">Hootsuite Inc.</a>",
106,https://twitter.com/DanicaPatrick/status/1527348422373965824,2022-05-19 18:00:15+00:00,"@ProfBrianCox on the #PrettyIntense Podcast. We talked black holes, consciousness, space and time, fractals, &amp; aliens, how we came to be &amp; what we can become. Listen at https://t.co/cZ4zOahv51 or watch
https://t.co/kEcif2qpoF Powered by @PirelliUSA @Pirelli #BrianCoxHorizons https://t.co/LZ3bowsc7Y",1527348422373965824,DanicaPatrick,1,1,7,1,1527348422373965824,en,"<a href=""https://www.hootsuite.com"" rel=""nofollow"">Hootsuite Inc.</a>",
107,https://twitter.com/DanicaPatrick/status/1527045408748363776,2022-05-18 21:56:11+00:00,"https://t.co/fRkEhPCduO
‚ù§Ô∏è Create your bliss with Voyant Brand A luxury collection of home scents, designed personally by Danica Patrick 
+FREE SHIPPING+
#evokeemotion
#homescents
#candles
#spirit
. https://t.co/gpAoUcv1hH",1527045408748363776,DanicaPatrick,12,15,69,1,1527045408748363776,en,"<a href=""https://www.hootsuite.com"" rel=""nofollow"">Hootsuite Inc.</a>",
108,https://twitter.com/DanicaPatrick/status/1526654118806306820,2022-05-17 20:01:20+00:00,YouTube clips with @lisabilyeu on #PrettyIntensePodcast. Demand the life you want from yourself. You have it in you to achieve your dreams. You just need to find your radical confidence. https://t.co/L1o56oIuwC Listen at https://t.co/cZ4zOagXft #RadicalConfidence #WomenofImpact,1526654118806306820,DanicaPatrick,5,4,52,0,1526654118806306820,en,"<a href=""https://www.hootsuite.com"" rel=""nofollow"">Hootsuite Inc.</a>",
